<?xml version="1.0" encoding="UTF-8"?>
<!--SCORM 1.2 Content Package document generated by HotPotatoes: Masher Version 7.0 Release 3 Build 0.-->
<manifest xmlns="http://www.imsproject.org/xsd/imscp_rootv1p1p2" xmlns:imsmd="http://www.imsglobal.org/xsd/imsmd_rootv1p2p1" xmlns:xsi="http://www.w3.org/2001/XMLSchema-instance" xmlns:adlcp="http://www.adlnet.org/xsd/adlcp_rootv1p2" identifier="MANIFEST-ABC36C24-1340-4EA7-A58E-EC548EB3D054" xsi:schemaLocation="http://www.imsproject.org/xsd/imscp_rootv1p1p2 imscp_rootv1p1p2.xsd http://www.imsglobal.org/xsd/imsmd_rootv1p2p1 imsmd_rootv1p2p1.xsd http://www.adlnet.org/xsd/adlcp_rootv1p2 adlcp_rootv1p2.xsd">
  <metadata>
    <imsmd:lom>
      <imsmd:general>
        <imsmd:identifier />
        <imsmd:title>
          <imsmd:langstring xml:lang="en"></imsmd:langstring>
        </imsmd:title>
      </imsmd:general>
    </imsmd:lom>
  </metadata>
  <organizations default="ORG-87608A36-6FCF-48A2-A6EB-6119B079E906">
    <organization identifier="ORG-87608A36-6FCF-48A2-A6EB-6119B079E906" structure="hierarchical">
      <title>Organization</title>
      <item identifier="ITEM-32CC6165-C3CD-459F-B120-1518D84406E9" identifierref="RES-83D4AE96-2222-49DE-9168-7860D67EAEB3" isvisible="true">
        <title></title>
		
      </item><item identifier="ITEM-A3F076B6-1F8D-458F-BF08-750A0E0F06E6" identifierref="RES-3C49E121-E04D-48FC-B7E3-9D24EF86185C" isvisible="true">
        <title>Rellena Espacios</title>
		
      </item><item identifier="ITEM-6315CA2A-DE6E-4B22-A043-5D6954102FAC" identifierref="RES-32307D3E-CF0A-45C7-96B0-1D0E0FE74D4B" isvisible="true">
        <title>C&#x00E9;lulas y Reproducci&#x00F3;n &#x2013; &#x00A1;Pon a prueba tus conocimientos!</title>
		
      </item><item identifier="ITEM-420A255B-35E8-4681-A59B-71845A66B702" identifierref="RES-139E28A6-AA34-48F8-A542-EC74F6DA4A68" isvisible="true">
        <title>Relaciona</title>
		
      </item>
    </organization>
  </organizations>
  <resources>
    <resource identifier="RES-83D4AE96-2222-49DE-9168-7860D67EAEB3" type="webcontent" adlcp:scormtype="asset" href="index.htm">
      <file href="index.htm" />
	  
    </resource><resource identifier="RES-3C49E121-E04D-48FC-B7E3-9D24EF86185C" type="webcontent" adlcp:scormtype="sco" href="espacios.htm">
      <file href="espacios.htm" />
	  
    </resource><resource identifier="RES-32307D3E-CF0A-45C7-96B0-1D0E0FE74D4B" type="webcontent" adlcp:scormtype="sco" href="quiz.htm">
      <file href="quiz.htm" />
	  
    </resource><resource identifier="RES-139E28A6-AA34-48F8-A542-EC74F6DA4A68" type="webcontent" adlcp:scormtype="sco" href="relaciona.htm">
      <file href="relaciona.htm" />
	  
    </resource>
	
  </resources>
</manifest>

